candidate_review_id	triage_id	decision_tier	pair_id	hsp90_isoform	partner_gene_symbol	pmids_considered	paper_routes_reviewed	ready_paper_routes	blocked_paper_routes	exact_supporting_pmids	existing_review_pmids	generated_source_review_ids	provisional_review_decision	admission_action	source_recheck_needed	client_status	review_rationale	non_comprehensive_coverage_status
DBPRIORPAIR-v6_109-HSP90AA1_DDR2	DBADMIT-HSP90AA1-DDR2	T1_expedited_review	HSP90AA1::DDR2	HSP90AA1	DDR2	22939624;35384245	2	2	0	35384245		SRCREV-2026-07-15-V6_109-PMID35384245-HSP90AA1-035	reviewed_support_only_checkpoint_candidate	eligible_for_later_checkpoint_source_gene_integration	no	not_established_by_database_source_review	All cited paper routes were accounted for. Only inspectable exact primary-paper results can flow as checkpoint support; unavailable or unconfirmed routes remain context/recheck.	preserved
DBPRIORPAIR-v6_109-HSP90AA1_FBXO6	DBADMIT-HSP90AA1-FBXO6	T1_expedited_review	HSP90AA1::FBXO6	HSP90AA1	FBXO6	22268729;22939624;35043518	3	2	1	35043518		SRCREV-2026-07-15-V6_109-PMID35043518-HSP90AA1-032	reviewed_support_only_checkpoint_candidate	eligible_for_later_checkpoint_source_gene_integration	no	not_established_by_database_source_review	All cited paper routes were accounted for. Only inspectable exact primary-paper results can flow as checkpoint support; unavailable or unconfirmed routes remain context/recheck.	preserved
DBPRIORPAIR-v6_109-HSP90AA1_LRRK1	DBADMIT-HSP90AA1-LRRK1	T1_expedited_review	HSP90AA1::LRRK1	HSP90AA1	LRRK1	29519959;32707033	2	1	1	32707033		SRCREV-2026-07-15-V6_109-PMID32707033-HSP90AA1-027	reviewed_support_only_checkpoint_candidate	eligible_for_later_checkpoint_source_gene_integration	no	not_established_by_database_source_review	All cited paper routes were accounted for. Only inspectable exact primary-paper results can flow as checkpoint support; unavailable or unconfirmed routes remain context/recheck.	preserved
DBPRIORPAIR-v6_109-HSP90AA1_NTRK1	DBADMIT-HSP90AA1-NTRK1	T1_expedited_review	HSP90AA1::NTRK1	HSP90AA1	NTRK1	20663926;22939624;25921289;35384245	4	3	1	35384245		SRCREV-2026-07-15-V6_109-PMID35384245-HSP90AA1-035	reviewed_support_only_checkpoint_candidate	eligible_for_later_checkpoint_source_gene_integration	no	not_established_by_database_source_review	All cited paper routes were accounted for. Only inspectable exact primary-paper results can flow as checkpoint support; unavailable or unconfirmed routes remain context/recheck.	preserved
DBPRIORPAIR-v6_109-HSP90AA1_PARK2	DBADMIT-HSP90AA1-PARK2	T1_expedited_review	HSP90AA1::PARK2	HSP90AA1	PARK2	14532270;22939624;24244333;25959826;32929329;35256949;35509820;37029500	8	7	1	24244333		SRCREV-2026-07-15-V6_109-PMID24244333-HSP90AA1-012	reviewed_support_only_checkpoint_candidate	eligible_for_later_checkpoint_source_gene_integration	no	not_established_by_database_source_review	All cited paper routes were accounted for. Only inspectable exact primary-paper results can flow as checkpoint support; unavailable or unconfirmed routes remain context/recheck.	preserved
DBPRIORPAIR-v6_109-HSP90AA1_SKP2	DBADMIT-HSP90AA1-SKP2	T1_expedited_review	HSP90AA1::SKP2	HSP90AA1	SKP2	22939624;25036637;31181401	3	3	0	31181401		SRCREV-2026-07-15-V6_109-PMID31181401-HSP90AA1-018	reviewed_support_only_checkpoint_candidate	eligible_for_later_checkpoint_source_gene_integration	no	not_established_by_database_source_review	All cited paper routes were accounted for. Only inspectable exact primary-paper results can flow as checkpoint support; unavailable or unconfirmed routes remain context/recheck.	preserved
DBPRIORPAIR-v6_109-HSP90B1_ATF2	DBADMIT-HSP90B1-ATF2	T1_expedited_review	HSP90B1::ATF2	HSP90B1	ATF2	22304920;38884001	2	2	0	38884001		SRCREV-2026-07-15-V6_109-PMID38884001-HSP90B1-051	reviewed_support_only_checkpoint_candidate	eligible_for_later_checkpoint_source_gene_integration	no	not_established_by_database_source_review	All cited paper routes were accounted for. Only inspectable exact primary-paper results can flow as checkpoint support; unavailable or unconfirmed routes remain context/recheck.	preserved
DBPRIORPAIR-v6_109-HSP90B1_BIRC2	DBADMIT-HSP90B1-BIRC2	T1_expedited_review	HSP90B1::BIRC2	HSP90B1	BIRC2	18239673;25361076	2	1	1				source_recheck_needed	do_not_admit_pending_exact_result_confirmation	yes	not_established_by_database_source_review	All cited paper routes were accounted for. Only inspectable exact primary-paper results can flow as checkpoint support; unavailable or unconfirmed routes remain context/recheck.	preserved
DBPRIORPAIR-v6_109-HSP90B1_CCT2	DBADMIT-HSP90B1-CCT2	T1_expedited_review	HSP90B1::CCT2	HSP90B1	CCT2	23190606;34349018	2	2	0	23190606		SRCREV-2026-07-15-V6_109-PMID23190606-HSP90B1-007	reviewed_support_only_checkpoint_candidate	eligible_for_later_checkpoint_source_gene_integration	no	not_established_by_database_source_review	All cited paper routes were accounted for. Only inspectable exact primary-paper results can flow as checkpoint support; unavailable or unconfirmed routes remain context/recheck.	preserved
DBPRIORPAIR-v6_109-HSP90B1_CFTR	DBADMIT-HSP90B1-CFTR	T1_expedited_review	HSP90B1::CFTR	HSP90B1	CFTR	26618866;29924966;36012204	3	3	0				source_recheck_needed	do_not_admit_pending_exact_result_confirmation	yes	not_established_by_database_source_review	All cited paper routes were accounted for. Only inspectable exact primary-paper results can flow as checkpoint support; unavailable or unconfirmed routes remain context/recheck.	preserved
DBPRIORPAIR-v6_109-HSP90B1_CLU	DBADMIT-HSP90B1-CLU	T1_expedited_review	HSP90B1::CLU	HSP90B1	CLU	22689054;26496610	2	0	2				retrieval_blocked	manual_retrieval_or_remain_database_context	yes	not_established_by_database_source_review	All cited paper routes were accounted for. Only inspectable exact primary-paper results can flow as checkpoint support; unavailable or unconfirmed routes remain context/recheck.	preserved
DBPRIORPAIR-v6_109-HSP90B1_CUL4B	DBADMIT-HSP90B1-CUL4B	T1_expedited_review	HSP90B1::CUL4B	HSP90B1	CUL4B	27580824;34026424	2	2	0				source_recheck_needed	do_not_admit_pending_exact_result_confirmation	yes	not_established_by_database_source_review	All cited paper routes were accounted for. Only inspectable exact primary-paper results can flow as checkpoint support; unavailable or unconfirmed routes remain context/recheck.	preserved
DBPRIORPAIR-v6_109-HSP90B1_GBA	DBADMIT-HSP90B1-GBA	T1_expedited_review	HSP90B1::GBA	HSP90B1	GBA	26496610;34644545	2	1	1	34644545		SRCREV-2026-07-15-V6_109-PMID34644545-HSP90B1-030	reviewed_support_only_checkpoint_candidate	eligible_for_later_checkpoint_source_gene_integration	no	not_established_by_database_source_review	All cited paper routes were accounted for. Only inspectable exact primary-paper results can flow as checkpoint support; unavailable or unconfirmed routes remain context/recheck.	preserved
DBPRIORPAIR-v6_109-HSP90B1_IGF1R	DBADMIT-HSP90B1-IGF1R	T1_expedited_review	HSP90B1::IGF1R	HSP90B1	IGF1R	27684187;35384245	2	2	0	35384245		SRCREV-2026-07-15-V6_109-PMID35384245-HSP90B1-036	reviewed_support_only_checkpoint_candidate	eligible_for_later_checkpoint_source_gene_integration	no	not_established_by_database_source_review	All cited paper routes were accounted for. Only inspectable exact primary-paper results can flow as checkpoint support; unavailable or unconfirmed routes remain context/recheck.	preserved
DBPRIORPAIR-v6_109-HSP90B1_MAPT	DBADMIT-HSP90B1-MAPT	T1_expedited_review	HSP90B1::MAPT	HSP90B1	MAPT	32812023;35063084	2	2	0	32812023		SRCREV-2026-07-15-V6_109-PMID32812023-HSP90B1-029	reviewed_support_only_checkpoint_candidate	eligible_for_later_checkpoint_source_gene_integration	no	not_established_by_database_source_review	All cited paper routes were accounted for. Only inspectable exact primary-paper results can flow as checkpoint support; unavailable or unconfirmed routes remain context/recheck.	preserved
DBPRIORPAIR-v6_109-HSP90B1_MDM2	DBADMIT-HSP90B1-MDM2	T1_expedited_review	HSP90B1::MDM2	HSP90B1	MDM2	20195357;25637791	2	1	1				source_recheck_needed	do_not_admit_pending_exact_result_confirmation	yes	not_established_by_database_source_review	All cited paper routes were accounted for. Only inspectable exact primary-paper results can flow as checkpoint support; unavailable or unconfirmed routes remain context/recheck.	preserved
DBPRIORPAIR-v6_109-HSP90B1_TP53	DBADMIT-HSP90B1-TP53	T1_expedited_review	HSP90B1::TP53	HSP90B1	TP53	25637791;32807901;35831314	3	1	2	35831314		SRCREV-2026-07-15-V6_109-PMID35831314-HSP90B1-040	reviewed_support_only_checkpoint_candidate	eligible_for_later_checkpoint_source_gene_integration	no	not_established_by_database_source_review	All cited paper routes were accounted for. Only inspectable exact primary-paper results can flow as checkpoint support; unavailable or unconfirmed routes remain context/recheck.	preserved
DBPRIORPAIR-v6_109-TRAP1_DND1	DBADMIT-TRAP1-DND1	T1_expedited_review	TRAP1::DND1	TRAP1	DND1	26186194;33961781	2	2	0				source_recheck_needed	do_not_admit_pending_exact_result_confirmation	yes	not_established_by_database_source_review	All cited paper routes were accounted for. Only inspectable exact primary-paper results can flow as checkpoint support; unavailable or unconfirmed routes remain context/recheck.	preserved
DBPRIORPAIR-v6_109-HSP90AA1_ATR	DBADMIT-HSP90AA1-ATR	T2_priority_review	HSP90AA1::ATR	HSP90AA1	ATR	21566061;27453043	2	1	1				source_recheck_needed	do_not_admit_pending_exact_result_confirmation	yes	not_established_by_database_source_review	All cited paper routes were accounted for. Only inspectable exact primary-paper results can flow as checkpoint support; unavailable or unconfirmed routes remain context/recheck.	preserved
DBPRIORPAIR-v6_109-HSP90AA1_AURKA	DBADMIT-HSP90AA1-AURKA	T2_priority_review	HSP90AA1::AURKA	HSP90AA1	AURKA	17851643;23443559	2	0	2				retrieval_blocked	manual_retrieval_or_remain_database_context	yes	not_established_by_database_source_review	All cited paper routes were accounted for. Only inspectable exact primary-paper results can flow as checkpoint support; unavailable or unconfirmed routes remain context/recheck.	preserved
DBPRIORPAIR-v6_109-HSP90AA1_BCR	DBADMIT-HSP90AA1-BCR	T2_priority_review	HSP90AA1::BCR	HSP90AA1	BCR	16723087;20675402;21248063	3	1	2				source_recheck_needed	do_not_admit_pending_exact_result_confirmation	yes	not_established_by_database_source_review	All cited paper routes were accounted for. Only inspectable exact primary-paper results can flow as checkpoint support; unavailable or unconfirmed routes remain context/recheck.	preserved
DBPRIORPAIR-v6_109-HSP90AA1_BLK	DBADMIT-HSP90AA1-BLK	T2_priority_review	HSP90AA1::BLK	HSP90AA1	BLK	22939624;31980649;32707033	3	3	0	31980649;32707033		SRCREV-2026-07-15-V6_109-PMID31980649-HSP90AA1-022;SRCREV-2026-07-15-V6_109-PMID32707033-HSP90AA1-027	reviewed_support_only_checkpoint_candidate	eligible_for_later_checkpoint_source_gene_integration	no	not_established_by_database_source_review	All cited paper routes were accounted for. Only inspectable exact primary-paper results can flow as checkpoint support; unavailable or unconfirmed routes remain context/recheck.	preserved
DBPRIORPAIR-v6_109-HSP90AA1_BMX	DBADMIT-HSP90AA1-BMX	T2_priority_review	HSP90AA1::BMX	HSP90AA1	BMX	22939624;31980649	2	2	0	31980649		SRCREV-2026-07-15-V6_109-PMID31980649-HSP90AA1-022	reviewed_support_only_checkpoint_candidate	eligible_for_later_checkpoint_source_gene_integration	no	not_established_by_database_source_review	All cited paper routes were accounted for. Only inspectable exact primary-paper results can flow as checkpoint support; unavailable or unconfirmed routes remain context/recheck.	preserved
DBPRIORPAIR-v6_109-HSP90AA1_CERS2	DBADMIT-HSP90AA1-CERS2	T2_priority_review	HSP90AA1::CERS2	HSP90AA1	CERS2	20195357	1	1	0				source_recheck_needed	do_not_admit_pending_exact_result_confirmation	yes	not_established_by_database_source_review	All cited paper routes were accounted for. Only inspectable exact primary-paper results can flow as checkpoint support; unavailable or unconfirmed routes remain context/recheck.	preserved
DBPRIORPAIR-v6_109-HSP90AA1_CLU	DBADMIT-HSP90AA1-CLU	T2_priority_review	HSP90AA1::CLU	HSP90AA1	CLU	31273033;31413325	2	1	1				source_recheck_needed	do_not_admit_pending_exact_result_confirmation	yes	not_established_by_database_source_review	All cited paper routes were accounted for. Only inspectable exact primary-paper results can flow as checkpoint support; unavailable or unconfirmed routes remain context/recheck.	preserved
DBPRIORPAIR-v6_109-HSP90AA1_EDRF1	DBADMIT-HSP90AA1-EDRF1	T2_priority_review	HSP90AA1::EDRF1	HSP90AA1	EDRF1	19875381;33961781	2	2	0	19875381		SRCREV-2026-07-15-V6_109-PMID19875381-HSP90AA1-003	reviewed_support_only_checkpoint_candidate	eligible_for_later_checkpoint_source_gene_integration	no	not_established_by_database_source_review	All cited paper routes were accounted for. Only inspectable exact primary-paper results can flow as checkpoint support; unavailable or unconfirmed routes remain context/recheck.	preserved
DBPRIORPAIR-v6_109-HSP90AA1_EPHB1	DBADMIT-HSP90AA1-EPHB1	T2_priority_review	HSP90AA1::EPHB1	HSP90AA1	EPHB1	19567782;22939624	2	2	0				source_recheck_needed	do_not_admit_pending_exact_result_confirmation	yes	not_established_by_database_source_review	All cited paper routes were accounted for. Only inspectable exact primary-paper results can flow as checkpoint support; unavailable or unconfirmed routes remain context/recheck.	preserved
DBPRIORPAIR-v6_109-HSP90AA1_EPHB6	DBADMIT-HSP90AA1-EPHB6	T2_priority_review	HSP90AA1::EPHB6	HSP90AA1	EPHB6	22939624;35384245	2	2	0	35384245		SRCREV-2026-07-15-V6_109-PMID35384245-HSP90AA1-034	reviewed_support_only_checkpoint_candidate	eligible_for_later_checkpoint_source_gene_integration	no	not_established_by_database_source_review	All cited paper routes were accounted for. Only inspectable exact primary-paper results can flow as checkpoint support; unavailable or unconfirmed routes remain context/recheck.	preserved
DBPRIORPAIR-v6_109-HSP90AA1_ESRRB	DBADMIT-HSP90AA1-ESRRB	T2_priority_review	HSP90AA1::ESRRB	HSP90AA1	ESRRB	24189400;26517842	2	2	0				source_recheck_needed	do_not_admit_pending_exact_result_confirmation	yes	not_established_by_database_source_review	All cited paper routes were accounted for. Only inspectable exact primary-paper results can flow as checkpoint support; unavailable or unconfirmed routes remain context/recheck.	preserved
DBPRIORPAIR-v6_109-HSP90AA1_FBXW7	DBADMIT-HSP90AA1-FBXW7	T2_priority_review	HSP90AA1::FBXW7	HSP90AA1	FBXW7	22939624;35512704	2	2	0				source_recheck_needed	do_not_admit_pending_exact_result_confirmation	yes	not_established_by_database_source_review	All cited paper routes were accounted for. Only inspectable exact primary-paper results can flow as checkpoint support; unavailable or unconfirmed routes remain context/recheck.	preserved
DBPRIORPAIR-v6_109-HSP90AA1_FLT4	DBADMIT-HSP90AA1-FLT4	T2_priority_review	HSP90AA1::FLT4	HSP90AA1	FLT4	22939624;35384245	2	2	0	35384245		SRCREV-2026-07-15-V6_109-PMID35384245-HSP90AA1-034	reviewed_support_only_checkpoint_candidate	eligible_for_later_checkpoint_source_gene_integration	no	not_established_by_database_source_review	All cited paper routes were accounted for. Only inspectable exact primary-paper results can flow as checkpoint support; unavailable or unconfirmed routes remain context/recheck.	preserved
DBPRIORPAIR-v6_109-HSP90AA1_GSK3A	DBADMIT-HSP90AA1-GSK3A	T2_priority_review	HSP90AA1::GSK3A	HSP90AA1	GSK3A	22939624;30824926	2	2	0				source_recheck_needed	do_not_admit_pending_exact_result_confirmation	yes	not_established_by_database_source_review	All cited paper routes were accounted for. Only inspectable exact primary-paper results can flow as checkpoint support; unavailable or unconfirmed routes remain context/recheck.	preserved
DBPRIORPAIR-v6_109-HSP90AA1_HAX1	DBADMIT-HSP90AA1-HAX1	T2_priority_review	HSP90AA1::HAX1	HSP90AA1	HAX1	29139175;29311840	2	1	1				source_recheck_needed	do_not_admit_pending_exact_result_confirmation	yes	not_established_by_database_source_review	All cited paper routes were accounted for. Only inspectable exact primary-paper results can flow as checkpoint support; unavailable or unconfirmed routes remain context/recheck.	preserved
DBPRIORPAIR-v6_109-HSP90AA1_HECTD3	DBADMIT-HSP90AA1-HECTD3	T2_priority_review	HSP90AA1::HECTD3	HSP90AA1	HECTD3	22939624;28636940	2	2	0				source_recheck_needed	do_not_admit_pending_exact_result_confirmation	yes	not_established_by_database_source_review	All cited paper routes were accounted for. Only inspectable exact primary-paper results can flow as checkpoint support; unavailable or unconfirmed routes remain context/recheck.	preserved
DBPRIORPAIR-v6_109-HSP90AA1_HOPX	DBADMIT-HSP90AA1-HOPX	T2_priority_review	HSP90AA1::HOPX	HSP90AA1	HOPX	22824801;24556685;33571422	3	2	1				source_recheck_needed	do_not_admit_pending_exact_result_confirmation	yes	not_established_by_database_source_review	All cited paper routes were accounted for. Only inspectable exact primary-paper results can flow as checkpoint support; unavailable or unconfirmed routes remain context/recheck.	preserved
DBPRIORPAIR-v6_109-HSP90AA1_IKZF1	DBADMIT-HSP90AA1-IKZF1	T2_priority_review	HSP90AA1::IKZF1	HSP90AA1	IKZF1	33439458;35583604	2	1	1				source_recheck_needed	do_not_admit_pending_exact_result_confirmation	yes	not_established_by_database_source_review	All cited paper routes were accounted for. Only inspectable exact primary-paper results can flow as checkpoint support; unavailable or unconfirmed routes remain context/recheck.	preserved
DBPRIORPAIR-v6_109-HSP90AA1_JUP	DBADMIT-HSP90AA1-JUP	T2_priority_review	HSP90AA1::JUP	HSP90AA1	JUP	27684187;31273033	2	1	1				source_recheck_needed	do_not_admit_pending_exact_result_confirmation	yes	not_established_by_database_source_review	All cited paper routes were accounted for. Only inspectable exact primary-paper results can flow as checkpoint support; unavailable or unconfirmed routes remain context/recheck.	preserved
DBPRIORPAIR-v6_109-HSP90AA1_LGALS3BP	DBADMIT-HSP90AA1-LGALS3BP	T2_priority_review	HSP90AA1::LGALS3BP	HSP90AA1	LGALS3BP	22939624;23443559;31273033;38825040	4	2	2				source_recheck_needed	do_not_admit_pending_exact_result_confirmation	yes	not_established_by_database_source_review	All cited paper routes were accounted for. Only inspectable exact primary-paper results can flow as checkpoint support; unavailable or unconfirmed routes remain context/recheck.	preserved
DBPRIORPAIR-v6_109-HSP90AA1_MAP2K5	DBADMIT-HSP90AA1-MAP2K5	T2_priority_review	HSP90AA1::MAP2K5	HSP90AA1	MAP2K5	22939624;31980649;32707033	3	3	0	31980649;32707033		SRCREV-2026-07-15-V6_109-PMID31980649-HSP90AA1-022;SRCREV-2026-07-15-V6_109-PMID32707033-HSP90AA1-027	reviewed_support_only_checkpoint_candidate	eligible_for_later_checkpoint_source_gene_integration	no	not_established_by_database_source_review	All cited paper routes were accounted for. Only inspectable exact primary-paper results can flow as checkpoint support; unavailable or unconfirmed routes remain context/recheck.	preserved
DBPRIORPAIR-v6_109-HSP90AA1_MAP4K1	DBADMIT-HSP90AA1-MAP4K1	T2_priority_review	HSP90AA1::MAP4K1	HSP90AA1	MAP4K1	22939624;31980649;32707033	3	3	0	31980649;32707033		SRCREV-2026-07-15-V6_109-PMID31980649-HSP90AA1-022;SRCREV-2026-07-15-V6_109-PMID32707033-HSP90AA1-027	reviewed_support_only_checkpoint_candidate	eligible_for_later_checkpoint_source_gene_integration	no	not_established_by_database_source_review	All cited paper routes were accounted for. Only inspectable exact primary-paper results can flow as checkpoint support; unavailable or unconfirmed routes remain context/recheck.	preserved
DBPRIORPAIR-v6_109-HSP90AA1_MIS12	DBADMIT-HSP90AA1-MIS12	T2_priority_review	HSP90AA1::MIS12	HSP90AA1	MIS12	20404110;36269765	2	2	0				source_recheck_needed	do_not_admit_pending_exact_result_confirmation	yes	not_established_by_database_source_review	All cited paper routes were accounted for. Only inspectable exact primary-paper results can flow as checkpoint support; unavailable or unconfirmed routes remain context/recheck.	preserved
DBPRIORPAIR-v6_109-HSP90AA1_MYLK2	DBADMIT-HSP90AA1-MYLK2	T2_priority_review	HSP90AA1::MYLK2	HSP90AA1	MYLK2	19875381;22939624;31980649	3	3	0	19875381;31980649		SRCREV-2026-07-15-V6_109-PMID19875381-HSP90AA1-003;SRCREV-2026-07-15-V6_109-PMID31980649-HSP90AA1-022	reviewed_support_only_checkpoint_candidate	eligible_for_later_checkpoint_source_gene_integration	no	not_established_by_database_source_review	All cited paper routes were accounted for. Only inspectable exact primary-paper results can flow as checkpoint support; unavailable or unconfirmed routes remain context/recheck.	preserved
DBPRIORPAIR-v6_109-HSP90AA1_NEK4	DBADMIT-HSP90AA1-NEK4	T2_priority_review	HSP90AA1::NEK4	HSP90AA1	NEK4	25798074;32707033	2	2	0	32707033		SRCREV-2026-07-15-V6_109-PMID32707033-HSP90AA1-027	reviewed_support_only_checkpoint_candidate	eligible_for_later_checkpoint_source_gene_integration	no	not_established_by_database_source_review	All cited paper routes were accounted for. Only inspectable exact primary-paper results can flow as checkpoint support; unavailable or unconfirmed routes remain context/recheck.	preserved
DBPRIORPAIR-v6_109-HSP90AA1_POLR2E	DBADMIT-HSP90AA1-POLR2E	T2_priority_review	HSP90AA1::POLR2E	HSP90AA1	POLR2E	19875381;21360678	2	2	0	19875381;21360678		SRCREV-2026-07-15-V6_109-PMID19875381-HSP90AA1-003;SRCREV-2026-07-15-V6_109-PMID21360678-HSP90AA1-004	reviewed_support_only_checkpoint_candidate	eligible_for_later_checkpoint_source_gene_integration	no	not_established_by_database_source_review	All cited paper routes were accounted for. Only inspectable exact primary-paper results can flow as checkpoint support; unavailable or unconfirmed routes remain context/recheck.	preserved
DBPRIORPAIR-v6_109-HSP90AA1_PRKCG	DBADMIT-HSP90AA1-PRKCG	T2_priority_review	HSP90AA1::PRKCG	HSP90AA1	PRKCG	22939624;31980649	2	2	0	31980649		SRCREV-2026-07-15-V6_109-PMID31980649-HSP90AA1-022	reviewed_support_only_checkpoint_candidate	eligible_for_later_checkpoint_source_gene_integration	no	not_established_by_database_source_review	All cited paper routes were accounted for. Only inspectable exact primary-paper results can flow as checkpoint support; unavailable or unconfirmed routes remain context/recheck.	preserved
DBPRIORPAIR-v6_109-HSP90AA1_RBCK1	DBADMIT-HSP90AA1-RBCK1	T2_priority_review	HSP90AA1::RBCK1	HSP90AA1	RBCK1	23912458;37820061	2	1	1				source_recheck_needed	do_not_admit_pending_exact_result_confirmation	yes	not_established_by_database_source_review	All cited paper routes were accounted for. Only inspectable exact primary-paper results can flow as checkpoint support; unavailable or unconfirmed routes remain context/recheck.	preserved
DBPRIORPAIR-v6_109-HSP90AA1_RET	DBADMIT-HSP90AA1-RET	T2_priority_review	HSP90AA1::RET	HSP90AA1	RET	22939624;38334954;39358380	3	3	0				source_recheck_needed	do_not_admit_pending_exact_result_confirmation	yes	not_established_by_database_source_review	All cited paper routes were accounted for. Only inspectable exact primary-paper results can flow as checkpoint support; unavailable or unconfirmed routes remain context/recheck.	preserved
DBPRIORPAIR-v6_109-HSP90AA1_RPS6KA3	DBADMIT-HSP90AA1-RPS6KA3	T2_priority_review	HSP90AA1::RPS6KA3	HSP90AA1	RPS6KA3	22939624;31980649	2	2	0	31980649		SRCREV-2026-07-15-V6_109-PMID31980649-HSP90AA1-022	reviewed_support_only_checkpoint_candidate	eligible_for_later_checkpoint_source_gene_integration	no	not_established_by_database_source_review	All cited paper routes were accounted for. Only inspectable exact primary-paper results can flow as checkpoint support; unavailable or unconfirmed routes remain context/recheck.	preserved
DBPRIORPAIR-v6_109-HSP90AA1_SOX2	DBADMIT-HSP90AA1-SOX2	T2_priority_review	HSP90AA1::SOX2	HSP90AA1	SOX2	21280222;37353616	2	0	2				retrieval_blocked	manual_retrieval_or_remain_database_context	yes	not_established_by_database_source_review	All cited paper routes were accounted for. Only inspectable exact primary-paper results can flow as checkpoint support; unavailable or unconfirmed routes remain context/recheck.	preserved
DBPRIORPAIR-v6_109-HSP90AA1_STK36	DBADMIT-HSP90AA1-STK36	T2_priority_review	HSP90AA1::STK36	HSP90AA1	STK36	17054904;25278022	2	1	1				source_recheck_needed	do_not_admit_pending_exact_result_confirmation	yes	not_established_by_database_source_review	All cited paper routes were accounted for. Only inspectable exact primary-paper results can flow as checkpoint support; unavailable or unconfirmed routes remain context/recheck.	preserved
DBPRIORPAIR-v6_109-HSP90AA1_STYK1	DBADMIT-HSP90AA1-STYK1	T2_priority_review	HSP90AA1::STYK1	HSP90AA1	STYK1	22939624;32707033;35384245	3	3	0	32707033;35384245		SRCREV-2026-07-15-V6_109-PMID32707033-HSP90AA1-027;SRCREV-2026-07-15-V6_109-PMID35384245-HSP90AA1-034	reviewed_support_only_checkpoint_candidate	eligible_for_later_checkpoint_source_gene_integration	no	not_established_by_database_source_review	All cited paper routes were accounted for. Only inspectable exact primary-paper results can flow as checkpoint support; unavailable or unconfirmed routes remain context/recheck.	preserved
DBPRIORPAIR-v6_109-HSP90AA1_TESK2	DBADMIT-HSP90AA1-TESK2	T2_priority_review	HSP90AA1::TESK2	HSP90AA1	TESK2	22939624;25036637;32707033	3	3	0	32707033		SRCREV-2026-07-15-V6_109-PMID32707033-HSP90AA1-027	reviewed_support_only_checkpoint_candidate	eligible_for_later_checkpoint_source_gene_integration	no	not_established_by_database_source_review	All cited paper routes were accounted for. Only inspectable exact primary-paper results can flow as checkpoint support; unavailable or unconfirmed routes remain context/recheck.	preserved
DBPRIORPAIR-v6_109-HSP90AA1_TUBB	DBADMIT-HSP90AA1-TUBB	T2_priority_review	HSP90AA1::TUBB	HSP90AA1	TUBB	21360678;41387687	2	2	0	21360678		SRCREV-2026-07-15-V6_109-PMID21360678-HSP90AA1-004	reviewed_support_only_checkpoint_candidate	eligible_for_later_checkpoint_source_gene_integration	no	not_established_by_database_source_review	All cited paper routes were accounted for. Only inspectable exact primary-paper results can flow as checkpoint support; unavailable or unconfirmed routes remain context/recheck.	preserved
DBPRIORPAIR-v6_109-HSP90AA1_TYRO3	DBADMIT-HSP90AA1-TYRO3	T2_priority_review	HSP90AA1::TYRO3	HSP90AA1	TYRO3	22939624;35384245	2	2	0	35384245		SRCREV-2026-07-15-V6_109-PMID35384245-HSP90AA1-034	reviewed_support_only_checkpoint_candidate	eligible_for_later_checkpoint_source_gene_integration	no	not_established_by_database_source_review	All cited paper routes were accounted for. Only inspectable exact primary-paper results can flow as checkpoint support; unavailable or unconfirmed routes remain context/recheck.	preserved
DBPRIORPAIR-v6_109-HSP90AA1_U2AF2	DBADMIT-HSP90AA1-U2AF2	T2_priority_review	HSP90AA1::U2AF2	HSP90AA1	U2AF2	26496610;26641092	2	1	1				source_recheck_needed	do_not_admit_pending_exact_result_confirmation	yes	not_established_by_database_source_review	All cited paper routes were accounted for. Only inspectable exact primary-paper results can flow as checkpoint support; unavailable or unconfirmed routes remain context/recheck.	preserved
DBPRIORPAIR-v6_109-HSP90AA1_VHL	DBADMIT-HSP90AA1-VHL	T2_priority_review	HSP90AA1::VHL	HSP90AA1	VHL	23318261;28319113	2	2	0				source_recheck_needed	do_not_admit_pending_exact_result_confirmation	yes	not_established_by_database_source_review	All cited paper routes were accounted for. Only inspectable exact primary-paper results can flow as checkpoint support; unavailable or unconfirmed routes remain context/recheck.	preserved
DBPRIORPAIR-v6_109-HSP90AB1_CCNF	DBADMIT-HSP90AB1-CCNF	T2_priority_review	HSP90AB1::CCNF	HSP90AB1	CCNF	33729478;36114006	2	1	1	36114006		SRCREV-2026-07-15-V6_109-PMID36114006-HSP90AB1-044	reviewed_directional_checkpoint_candidate	eligible_for_later_checkpoint_source_gene_integration	no	not_established_by_database_source_review	All cited paper routes were accounted for. Only inspectable exact primary-paper results can flow as checkpoint support; unavailable or unconfirmed routes remain context/recheck.	preserved
DBPRIORPAIR-v6_109-HSP90AB1_ESRRB	DBADMIT-HSP90AB1-ESRRB	T2_priority_review	HSP90AB1::ESRRB	HSP90AB1	ESRRB	24189400;26517842	2	2	0				source_recheck_needed	do_not_admit_pending_exact_result_confirmation	yes	not_established_by_database_source_review	All cited paper routes were accounted for. Only inspectable exact primary-paper results can flow as checkpoint support; unavailable or unconfirmed routes remain context/recheck.	preserved
DBPRIORPAIR-v6_109-HSP90AB1_KRAS	DBADMIT-HSP90AB1-KRAS	T2_priority_review	HSP90AB1::KRAS	HSP90AB1	KRAS	27684187;35831314;35839996;37682707	4	3	1	35831314		SRCREV-2026-07-15-V6_109-PMID35831314-HSP90AB1-039	reviewed_support_only_checkpoint_candidate	eligible_for_later_checkpoint_source_gene_integration	no	not_established_by_database_source_review	All cited paper routes were accounted for. Only inspectable exact primary-paper results can flow as checkpoint support; unavailable or unconfirmed routes remain context/recheck.	preserved
DBPRIORPAIR-v6_109-HSP90AB1_LRRK1	DBADMIT-HSP90AB1-LRRK1	T2_priority_review	HSP90AB1::LRRK1	HSP90AB1	LRRK1	24947832;32707033	2	2	0	32707033		SRCREV-2026-07-15-V6_109-PMID32707033-HSP90AB1-028	reviewed_support_only_checkpoint_candidate	eligible_for_later_checkpoint_source_gene_integration	no	not_established_by_database_source_review	All cited paper routes were accounted for. Only inspectable exact primary-paper results can flow as checkpoint support; unavailable or unconfirmed routes remain context/recheck.	preserved
DBPRIORPAIR-v6_109-HSP90AB1_MAP3K7	DBADMIT-HSP90AB1-MAP3K7	T2_priority_review	HSP90AB1::MAP3K7	HSP90AB1	MAP3K7	14743216;32707033;35831314	3	2	1	32707033;35831314		SRCREV-2026-07-15-V6_109-PMID32707033-HSP90AB1-028;SRCREV-2026-07-15-V6_109-PMID35831314-HSP90AB1-039	reviewed_support_only_checkpoint_candidate	eligible_for_later_checkpoint_source_gene_integration	no	not_established_by_database_source_review	All cited paper routes were accounted for. Only inspectable exact primary-paper results can flow as checkpoint support; unavailable or unconfirmed routes remain context/recheck.	preserved
DBPRIORPAIR-v6_109-HSP90AB1_MCM7	DBADMIT-HSP90AB1-MCM7	T2_priority_review	HSP90AB1::MCM7	HSP90AB1	MCM7	22863883;23764002	2	2	0				source_recheck_needed	do_not_admit_pending_exact_result_confirmation	yes	not_established_by_database_source_review	All cited paper routes were accounted for. Only inspectable exact primary-paper results can flow as checkpoint support; unavailable or unconfirmed routes remain context/recheck.	preserved
DBPRIORPAIR-v6_109-HSP90AB1_NEK4	DBADMIT-HSP90AB1-NEK4	T2_priority_review	HSP90AB1::NEK4	HSP90AB1	NEK4	25798074;32707033	2	2	0	32707033		SRCREV-2026-07-15-V6_109-PMID32707033-HSP90AB1-028	reviewed_support_only_checkpoint_candidate	eligible_for_later_checkpoint_source_gene_integration	no	not_established_by_database_source_review	All cited paper routes were accounted for. Only inspectable exact primary-paper results can flow as checkpoint support; unavailable or unconfirmed routes remain context/recheck.	preserved
DBPRIORPAIR-v6_109-HSP90AB1_NELFE	DBADMIT-HSP90AB1-NELFE	T2_priority_review	HSP90AB1::NELFE	HSP90AB1	NELFE	22579285;37117180	2	1	1				source_recheck_needed	do_not_admit_pending_exact_result_confirmation	yes	not_established_by_database_source_review	All cited paper routes were accounted for. Only inspectable exact primary-paper results can flow as checkpoint support; unavailable or unconfirmed routes remain context/recheck.	preserved
DBPRIORPAIR-v6_109-HSP90AB1_PTEN	DBADMIT-HSP90AB1-PTEN	T2_priority_review	HSP90AB1::PTEN	HSP90AB1	PTEN	21532586;26561776;28319085;33299139;35512704;36950384	6	5	1	36950384		SRCREV-2026-07-15-V6_109-PMID36950384-HSP90AB1-046	reviewed_support_only_checkpoint_candidate	eligible_for_later_checkpoint_source_gene_integration	no	not_established_by_database_source_review	All cited paper routes were accounted for. Only inspectable exact primary-paper results can flow as checkpoint support; unavailable or unconfirmed routes remain context/recheck.	preserved
DBPRIORPAIR-v6_109-HSP90AB1_SOX2	DBADMIT-HSP90AB1-SOX2	T2_priority_review	HSP90AB1::SOX2	HSP90AB1	SOX2	21280222;38884001	2	1	1				source_recheck_needed	do_not_admit_pending_exact_result_confirmation	yes	not_established_by_database_source_review	All cited paper routes were accounted for. Only inspectable exact primary-paper results can flow as checkpoint support; unavailable or unconfirmed routes remain context/recheck.	preserved
DBPRIORPAIR-v6_109-HSP90AB1_TUBG1	DBADMIT-HSP90AB1-TUBG1	T2_priority_review	HSP90AB1::TUBG1	HSP90AB1	TUBG1	23443559;26496610	2	0	2				retrieval_blocked	manual_retrieval_or_remain_database_context	yes	not_established_by_database_source_review	All cited paper routes were accounted for. Only inspectable exact primary-paper results can flow as checkpoint support; unavailable or unconfirmed routes remain context/recheck.	preserved
DBPRIORPAIR-v6_109-HSP90B1_APAF1	DBADMIT-HSP90B1-APAF1	T2_priority_review	HSP90B1::APAF1	HSP90B1	APAF1	25737303	1	0	1				retrieval_blocked	manual_retrieval_or_remain_database_context	yes	not_established_by_database_source_review	All cited paper routes were accounted for. Only inspectable exact primary-paper results can flow as checkpoint support; unavailable or unconfirmed routes remain context/recheck.	preserved
DBPRIORPAIR-v6_109-HSP90B1_ATG16L1	DBADMIT-HSP90B1-ATG16L1	T2_priority_review	HSP90B1::ATG16L1	HSP90B1	ATG16L1	30196744;37689310	2	2	0	37689310		SRCREV-2026-07-15-V6_109-PMID37689310-HSP90B1-049	reviewed_support_only_checkpoint_candidate	eligible_for_later_checkpoint_source_gene_integration	no	not_established_by_database_source_review	All cited paper routes were accounted for. Only inspectable exact primary-paper results can flow as checkpoint support; unavailable or unconfirmed routes remain context/recheck.	preserved
DBPRIORPAIR-v6_109-HSP90B1_BLK	DBADMIT-HSP90B1-BLK	T2_priority_review	HSP90B1::BLK	HSP90B1	BLK	25852190	1	0	1				retrieval_blocked	manual_retrieval_or_remain_database_context	yes	not_established_by_database_source_review	All cited paper routes were accounted for. Only inspectable exact primary-paper results can flow as checkpoint support; unavailable or unconfirmed routes remain context/recheck.	preserved
DBPRIORPAIR-v6_109-HSP90B1_CUL3	DBADMIT-HSP90B1-CUL3	T2_priority_review	HSP90B1::CUL3	HSP90B1	CUL3	21145461;35563538;37788672	3	2	1				source_recheck_needed	do_not_admit_pending_exact_result_confirmation	yes	not_established_by_database_source_review	All cited paper routes were accounted for. Only inspectable exact primary-paper results can flow as checkpoint support; unavailable or unconfirmed routes remain context/recheck.	preserved
DBPRIORPAIR-v6_109-HSP90B1_EIF2AK3	DBADMIT-HSP90B1-EIF2AK3	T2_priority_review	HSP90B1::EIF2AK3	HSP90B1	EIF2AK3	11907036	1	0	1				retrieval_blocked	manual_retrieval_or_remain_database_context	yes	not_established_by_database_source_review	All cited paper routes were accounted for. Only inspectable exact primary-paper results can flow as checkpoint support; unavailable or unconfirmed routes remain context/recheck.	preserved
DBPRIORPAIR-v6_109-HSP90B1_EMC2	DBADMIT-HSP90B1-EMC2	T2_priority_review	HSP90B1::EMC2	HSP90B1	EMC2	27342126;32296183	2	1	1				source_recheck_needed	do_not_admit_pending_exact_result_confirmation	yes	not_established_by_database_source_review	All cited paper routes were accounted for. Only inspectable exact primary-paper results can flow as checkpoint support; unavailable or unconfirmed routes remain context/recheck.	preserved
DBPRIORPAIR-v6_109-HSP90B1_ERLEC1	DBADMIT-HSP90B1-ERLEC1	T2_priority_review	HSP90B1::ERLEC1	HSP90B1	ERLEC1	18264092	1	1	0				source_recheck_needed	do_not_admit_pending_exact_result_confirmation	yes	not_established_by_database_source_review	All cited paper routes were accounted for. Only inspectable exact primary-paper results can flow as checkpoint support; unavailable or unconfirmed routes remain context/recheck.	preserved
DBPRIORPAIR-v6_109-HSP90B1_FAF2	DBADMIT-HSP90B1-FAF2	T2_priority_review	HSP90B1::FAF2	HSP90B1	FAF2	22119785	1	1	0				source_recheck_needed	do_not_admit_pending_exact_result_confirmation	yes	not_established_by_database_source_review	All cited paper routes were accounted for. Only inspectable exact primary-paper results can flow as checkpoint support; unavailable or unconfirmed routes remain context/recheck.	preserved
DBPRIORPAIR-v6_109-HSP90B1_FOS	DBADMIT-HSP90B1-FOS	T2_priority_review	HSP90B1::FOS	HSP90B1	FOS	20195357;38884001	2	2	0	38884001		SRCREV-2026-07-15-V6_109-PMID38884001-HSP90B1-053	reviewed_support_only_checkpoint_candidate	eligible_for_later_checkpoint_source_gene_integration	no	not_established_by_database_source_review	All cited paper routes were accounted for. Only inspectable exact primary-paper results can flow as checkpoint support; unavailable or unconfirmed routes remain context/recheck.	preserved
DBPRIORPAIR-v6_109-HSP90B1_FYN	DBADMIT-HSP90B1-FYN	T2_priority_review	HSP90B1::FYN	HSP90B1	FYN	31980649	1	1	0	31980649		SRCREV-2026-07-15-V6_109-PMID31980649-HSP90B1-023	reviewed_support_only_checkpoint_candidate	eligible_for_later_checkpoint_source_gene_integration	no	not_established_by_database_source_review	All cited paper routes were accounted for. Only inspectable exact primary-paper results can flow as checkpoint support; unavailable or unconfirmed routes remain context/recheck.	preserved
DBPRIORPAIR-v6_109-HSP90B1_HSPA13	DBADMIT-HSP90B1-HSPA13	T2_priority_review	HSP90B1::HSPA13	HSP90B1	HSPA13	33957083;35914814	2	1	1	35914814		SRCREV-2026-07-15-V6_109-PMID35914814-HSP90B1-043	reviewed_support_only_checkpoint_candidate	eligible_for_later_checkpoint_source_gene_integration	no	not_established_by_database_source_review	All cited paper routes were accounted for. Only inspectable exact primary-paper results can flow as checkpoint support; unavailable or unconfirmed routes remain context/recheck.	preserved
DBPRIORPAIR-v6_109-HSP90B1_HUWE1	DBADMIT-HSP90B1-HUWE1	T2_priority_review	HSP90B1::HUWE1	HSP90B1	HUWE1	25147182;34349018;37167062	3	3	0				source_recheck_needed	do_not_admit_pending_exact_result_confirmation	yes	not_established_by_database_source_review	All cited paper routes were accounted for. Only inspectable exact primary-paper results can flow as checkpoint support; unavailable or unconfirmed routes remain context/recheck.	preserved
DBPRIORPAIR-v6_109-HSP90B1_IKBKG	DBADMIT-HSP90B1-IKBKG	T2_priority_review	HSP90B1::IKBKG	HSP90B1	IKBKG	24618592	1	1	0				source_recheck_needed	do_not_admit_pending_exact_result_confirmation	yes	not_established_by_database_source_review	All cited paper routes were accounted for. Only inspectable exact primary-paper results can flow as checkpoint support; unavailable or unconfirmed routes remain context/recheck.	preserved
DBPRIORPAIR-v6_109-HSP90B1_INS	DBADMIT-HSP90B1-INS	T2_priority_review	HSP90B1::INS	HSP90B1	INS	32457219	1	1	0	32457219		SRCREV-2026-07-15-V6_109-PMID32457219-HSP90B1-026	reviewed_support_only_checkpoint_candidate	eligible_for_later_checkpoint_source_gene_integration	no	not_established_by_database_source_review	All cited paper routes were accounted for. Only inspectable exact primary-paper results can flow as checkpoint support; unavailable or unconfirmed routes remain context/recheck.	preserved
DBPRIORPAIR-v6_109-HSP90B1_INSR	DBADMIT-HSP90B1-INSR	T2_priority_review	HSP90B1::INSR	HSP90B1	INSR	35384245	1	1	0	35384245		SRCREV-2026-07-15-V6_109-PMID35384245-HSP90B1-037	reviewed_support_only_checkpoint_candidate	eligible_for_later_checkpoint_source_gene_integration	no	not_established_by_database_source_review	All cited paper routes were accounted for. Only inspectable exact primary-paper results can flow as checkpoint support; unavailable or unconfirmed routes remain context/recheck.	preserved
DBPRIORPAIR-v6_109-HSP90B1_KCNQ4	DBADMIT-HSP90B1-KCNQ4	T2_priority_review	HSP90B1::KCNQ4	HSP90B1	KCNQ4	23431407	1	1	0				source_recheck_needed	do_not_admit_pending_exact_result_confirmation	yes	not_established_by_database_source_review	All cited paper routes were accounted for. Only inspectable exact primary-paper results can flow as checkpoint support; unavailable or unconfirmed routes remain context/recheck.	preserved
DBPRIORPAIR-v6_109-HSP90B1_KDM4B	DBADMIT-HSP90B1-KDM4B	T2_priority_review	HSP90B1::KDM4B	HSP90B1	KDM4B	23589305	1	1	0				source_recheck_needed	do_not_admit_pending_exact_result_confirmation	yes	not_established_by_database_source_review	All cited paper routes were accounted for. Only inspectable exact primary-paper results can flow as checkpoint support; unavailable or unconfirmed routes remain context/recheck.	preserved
DBPRIORPAIR-v6_109-HSP90B1_KIT	DBADMIT-HSP90B1-KIT	T2_priority_review	HSP90B1::KIT	HSP90B1	KIT	25737303	1	0	1				retrieval_blocked	manual_retrieval_or_remain_database_context	yes	not_established_by_database_source_review	All cited paper routes were accounted for. Only inspectable exact primary-paper results can flow as checkpoint support; unavailable or unconfirmed routes remain context/recheck.	preserved
DBPRIORPAIR-v6_109-HSP90B1_LIMK2	DBADMIT-HSP90B1-LIMK2	T2_priority_review	HSP90B1::LIMK2	HSP90B1	LIMK2	25852190	1	0	1				retrieval_blocked	manual_retrieval_or_remain_database_context	yes	not_established_by_database_source_review	All cited paper routes were accounted for. Only inspectable exact primary-paper results can flow as checkpoint support; unavailable or unconfirmed routes remain context/recheck.	preserved
DBPRIORPAIR-v6_109-HSP90B1_LRRK2	DBADMIT-HSP90B1-LRRK2	T2_priority_review	HSP90B1::LRRK2	HSP90B1	LRRK2	31046837	1	1	0	31046837		SRCREV-2026-07-15-V6_109-PMID31046837-HSP90B1-017	reviewed_support_only_checkpoint_candidate	eligible_for_later_checkpoint_source_gene_integration	no	not_established_by_database_source_review	All cited paper routes were accounted for. Only inspectable exact primary-paper results can flow as checkpoint support; unavailable or unconfirmed routes remain context/recheck.	preserved
DBPRIORPAIR-v6_109-HSP90B1_LYZL2	DBADMIT-HSP90B1-LYZL2	T2_priority_review	HSP90B1::LYZL2	HSP90B1	LYZL2	28514442	1	1	0				source_recheck_needed	do_not_admit_pending_exact_result_confirmation	yes	not_established_by_database_source_review	All cited paper routes were accounted for. Only inspectable exact primary-paper results can flow as checkpoint support; unavailable or unconfirmed routes remain context/recheck.	preserved
DBPRIORPAIR-v6_109-HSP90B1_MKI67	DBADMIT-HSP90B1-MKI67	T2_priority_review	HSP90B1::MKI67	HSP90B1	MKI67	26949251	1	1	0				source_recheck_needed	do_not_admit_pending_exact_result_confirmation	yes	not_established_by_database_source_review	All cited paper routes were accounted for. Only inspectable exact primary-paper results can flow as checkpoint support; unavailable or unconfirmed routes remain context/recheck.	preserved
DBPRIORPAIR-v6_109-HSP90B1_MLLT3	DBADMIT-HSP90B1-MLLT3	T2_priority_review	HSP90B1::MLLT3	HSP90B1	MLLT3	20159978	1	1	0				source_recheck_needed	do_not_admit_pending_exact_result_confirmation	yes	not_established_by_database_source_review	All cited paper routes were accounted for. Only inspectable exact primary-paper results can flow as checkpoint support; unavailable or unconfirmed routes remain context/recheck.	preserved
DBPRIORPAIR-v6_109-HSP90B1_MYC	DBADMIT-HSP90B1-MYC	T2_priority_review	HSP90B1::MYC	HSP90B1	MYC	29467282;35013218;36424410	3	2	1	35013218		SRCREV-2026-07-15-V6_109-PMID35013218-HSP90B1-031	reviewed_support_only_checkpoint_candidate	eligible_for_later_checkpoint_source_gene_integration	no	not_established_by_database_source_review	All cited paper routes were accounted for. Only inspectable exact primary-paper results can flow as checkpoint support; unavailable or unconfirmed routes remain context/recheck.	preserved
DBPRIORPAIR-v6_109-HSP90B1_NR5A2	DBADMIT-HSP90B1-NR5A2	T2_priority_review	HSP90B1::NR5A2	HSP90B1	NR5A2	37204028	1	1	0	37204028		SRCREV-2026-07-15-V6_109-PMID37204028-HSP90B1-048	reviewed_candidate_client_checkpoint_candidate	eligible_for_later_checkpoint_source_gene_integration	no	candidate_client_from_primary_mechanistic_source_checkpoint_only	All cited paper routes were accounted for. Only inspectable exact primary-paper results can flow as checkpoint support; unavailable or unconfirmed routes remain context/recheck.	preserved
DBPRIORPAIR-v6_109-HSP90B1_NTRK3	DBADMIT-HSP90B1-NTRK3	T2_priority_review	HSP90B1::NTRK3	HSP90B1	NTRK3	35384245	1	1	0	35384245		SRCREV-2026-07-15-V6_109-PMID35384245-HSP90B1-038	reviewed_support_only_checkpoint_candidate	eligible_for_later_checkpoint_source_gene_integration	no	not_established_by_database_source_review	All cited paper routes were accounted for. Only inspectable exact primary-paper results can flow as checkpoint support; unavailable or unconfirmed routes remain context/recheck.	preserved
DBPRIORPAIR-v6_109-HSP90B1_P2RY6	DBADMIT-HSP90B1-P2RY6	T2_priority_review	HSP90B1::P2RY6	HSP90B1	P2RY6	30833792	1	0	1				retrieval_blocked	manual_retrieval_or_remain_database_context	yes	not_established_by_database_source_review	All cited paper routes were accounted for. Only inspectable exact primary-paper results can flow as checkpoint support; unavailable or unconfirmed routes remain context/recheck.	preserved
DBPRIORPAIR-v6_109-HSP90B1_PHB	DBADMIT-HSP90B1-PHB	T2_priority_review	HSP90B1::PHB	HSP90B1	PHB	27025967;31536960	2	2	0	31536960		SRCREV-2026-07-15-V6_109-PMID31536960-HSP90B1-019	reviewed_support_only_checkpoint_candidate	eligible_for_later_checkpoint_source_gene_integration	no	not_established_by_database_source_review	All cited paper routes were accounted for. Only inspectable exact primary-paper results can flow as checkpoint support; unavailable or unconfirmed routes remain context/recheck.	preserved
DBPRIORPAIR-v6_109-HSP90B1_PRKCA	DBADMIT-HSP90B1-PRKCA	T2_priority_review	HSP90B1::PRKCA	HSP90B1	PRKCA	22519731	1	1	0				source_recheck_needed	do_not_admit_pending_exact_result_confirmation	yes	not_established_by_database_source_review	All cited paper routes were accounted for. Only inspectable exact primary-paper results can flow as checkpoint support; unavailable or unconfirmed routes remain context/recheck.	preserved
DBPRIORPAIR-v6_109-HSP90B1_PSMA3	DBADMIT-HSP90B1-PSMA3	T2_priority_review	HSP90B1::PSMA3	HSP90B1	PSMA3	22079093;35831314	2	1	1	35831314		SRCREV-2026-07-15-V6_109-PMID35831314-HSP90B1-041	reviewed_support_only_checkpoint_candidate	eligible_for_later_checkpoint_source_gene_integration	no	not_established_by_database_source_review	All cited paper routes were accounted for. Only inspectable exact primary-paper results can flow as checkpoint support; unavailable or unconfirmed routes remain context/recheck.	preserved
DBPRIORPAIR-v6_109-HSP90B1_PTPRR	DBADMIT-HSP90B1-PTPRR	T2_priority_review	HSP90B1::PTPRR	HSP90B1	PTPRR	31980649	1	1	0	31980649		SRCREV-2026-07-15-V6_109-PMID31980649-HSP90B1-024	reviewed_support_only_checkpoint_candidate	eligible_for_later_checkpoint_source_gene_integration	no	not_established_by_database_source_review	All cited paper routes were accounted for. Only inspectable exact primary-paper results can flow as checkpoint support; unavailable or unconfirmed routes remain context/recheck.	preserved
DBPRIORPAIR-v6_109-HSP90B1_RNF115	DBADMIT-HSP90B1-RNF115	T2_priority_review	HSP90B1::RNF115	HSP90B1	RNF115	35343654	1	1	0	35343654		SRCREV-2026-07-15-V6_109-PMID35343654-HSP90B1-033	reviewed_support_only_checkpoint_candidate	eligible_for_later_checkpoint_source_gene_integration	no	not_established_by_database_source_review	All cited paper routes were accounted for. Only inspectable exact primary-paper results can flow as checkpoint support; unavailable or unconfirmed routes remain context/recheck.	preserved
DBPRIORPAIR-v6_109-HSP90B1_SERPINE1	DBADMIT-HSP90B1-SERPINE1	T2_priority_review	HSP90B1::SERPINE1	HSP90B1	SERPINE1	30833792	1	0	1				retrieval_blocked	manual_retrieval_or_remain_database_context	yes	not_established_by_database_source_review	All cited paper routes were accounted for. Only inspectable exact primary-paper results can flow as checkpoint support; unavailable or unconfirmed routes remain context/recheck.	preserved
DBPRIORPAIR-v6_109-HSP90B1_SIRPA	DBADMIT-HSP90B1-SIRPA	T2_priority_review	HSP90B1::SIRPA	HSP90B1	SIRPA	19299420	1	1	0				source_recheck_needed	do_not_admit_pending_exact_result_confirmation	yes	not_established_by_database_source_review	All cited paper routes were accounted for. Only inspectable exact primary-paper results can flow as checkpoint support; unavailable or unconfirmed routes remain context/recheck.	preserved
DBPRIORPAIR-v6_109-HSP90B1_SIRT3	DBADMIT-HSP90B1-SIRT3	T2_priority_review	HSP90B1::SIRT3	HSP90B1	SIRT3	19343720	1	0	1				retrieval_blocked	manual_retrieval_or_remain_database_context	yes	not_established_by_database_source_review	All cited paper routes were accounted for. Only inspectable exact primary-paper results can flow as checkpoint support; unavailable or unconfirmed routes remain context/recheck.	preserved
DBPRIORPAIR-v6_109-HSP90B1_SMARCA4	DBADMIT-HSP90B1-SMARCA4	T2_priority_review	HSP90B1::SMARCA4	HSP90B1	SMARCA4	11726552	1	0	1				retrieval_blocked	manual_retrieval_or_remain_database_context	yes	not_established_by_database_source_review	All cited paper routes were accounted for. Only inspectable exact primary-paper results can flow as checkpoint support; unavailable or unconfirmed routes remain context/recheck.	preserved
DBPRIORPAIR-v6_109-HSP90B1_SMARCC1	DBADMIT-HSP90B1-SMARCC1	T2_priority_review	HSP90B1::SMARCC1	HSP90B1	SMARCC1	11726552	1	0	1				retrieval_blocked	manual_retrieval_or_remain_database_context	yes	not_established_by_database_source_review	All cited paper routes were accounted for. Only inspectable exact primary-paper results can flow as checkpoint support; unavailable or unconfirmed routes remain context/recheck.	preserved
DBPRIORPAIR-v6_109-HSP90B1_SMARCC2	DBADMIT-HSP90B1-SMARCC2	T2_priority_review	HSP90B1::SMARCC2	HSP90B1	SMARCC2	11726552	1	0	1				retrieval_blocked	manual_retrieval_or_remain_database_context	yes	not_established_by_database_source_review	All cited paper routes were accounted for. Only inspectable exact primary-paper results can flow as checkpoint support; unavailable or unconfirmed routes remain context/recheck.	preserved
DBPRIORPAIR-v6_109-HSP90B1_SOD1	DBADMIT-HSP90B1-SOD1	T2_priority_review	HSP90B1::SOD1	HSP90B1	SOD1	24981860;29128334	2	1	1				source_recheck_needed	do_not_admit_pending_exact_result_confirmation	yes	not_established_by_database_source_review	All cited paper routes were accounted for. Only inspectable exact primary-paper results can flow as checkpoint support; unavailable or unconfirmed routes remain context/recheck.	preserved
DBPRIORPAIR-v6_109-HSP90B1_STAT1	DBADMIT-HSP90B1-STAT1	T2_priority_review	HSP90B1::STAT1	HSP90B1	STAT1	18662321	1	1	0	18662321		SRCREV-2026-07-15-V6_109-PMID18662321-HSP90B1-001	reviewed_support_only_checkpoint_candidate	eligible_for_later_checkpoint_source_gene_integration	no	not_established_by_database_source_review	All cited paper routes were accounted for. Only inspectable exact primary-paper results can flow as checkpoint support; unavailable or unconfirmed routes remain context/recheck.	preserved
DBPRIORPAIR-v6_109-HSP90B1_STAT3	DBADMIT-HSP90B1-STAT3	T2_priority_review	HSP90B1::STAT3	HSP90B1	STAT3	18662321;38884001	2	2	0	18662321;38884001		SRCREV-2026-07-15-V6_109-PMID18662321-HSP90B1-002;SRCREV-2026-07-15-V6_109-PMID38884001-HSP90B1-052	reviewed_support_only_checkpoint_candidate	eligible_for_later_checkpoint_source_gene_integration	no	not_established_by_database_source_review	All cited paper routes were accounted for. Only inspectable exact primary-paper results can flow as checkpoint support; unavailable or unconfirmed routes remain context/recheck.	preserved
DBPRIORPAIR-v6_109-HSP90B1_SUCLG2	DBADMIT-HSP90B1-SUCLG2	T2_priority_review	HSP90B1::SUCLG2	HSP90B1	SUCLG2	26344197;41249152	2	2	0				source_recheck_needed	do_not_admit_pending_exact_result_confirmation	yes	not_established_by_database_source_review	All cited paper routes were accounted for. Only inspectable exact primary-paper results can flow as checkpoint support; unavailable or unconfirmed routes remain context/recheck.	preserved
DBPRIORPAIR-v6_109-HSP90B1_SUGT1	DBADMIT-HSP90B1-SUGT1	T2_priority_review	HSP90B1::SUGT1	HSP90B1	SUGT1	27249023	1	1	0				source_recheck_needed	do_not_admit_pending_exact_result_confirmation	yes	not_established_by_database_source_review	All cited paper routes were accounted for. Only inspectable exact primary-paper results can flow as checkpoint support; unavailable or unconfirmed routes remain context/recheck.	preserved
DBPRIORPAIR-v6_109-HSP90B1_TGFBR2	DBADMIT-HSP90B1-TGFBR2	T2_priority_review	HSP90B1::TGFBR2	HSP90B1	TGFBR2	36682482	1	0	1				retrieval_blocked	manual_retrieval_or_remain_database_context	yes	not_established_by_database_source_review	All cited paper routes were accounted for. Only inspectable exact primary-paper results can flow as checkpoint support; unavailable or unconfirmed routes remain context/recheck.	preserved
DBPRIORPAIR-v6_109-HSP90B1_UBA5	DBADMIT-HSP90B1-UBA5	T2_priority_review	HSP90B1::UBA5	HSP90B1	UBA5	20562859	1	1	0				source_recheck_needed	do_not_admit_pending_exact_result_confirmation	yes	not_established_by_database_source_review	All cited paper routes were accounted for. Only inspectable exact primary-paper results can flow as checkpoint support; unavailable or unconfirmed routes remain context/recheck.	preserved
DBPRIORPAIR-v6_109-HSP90B1_VDAC1	DBADMIT-HSP90B1-VDAC1	T2_priority_review	HSP90B1::VDAC1	HSP90B1	VDAC1	29128334;31536960	2	2	0	31536960		SRCREV-2026-07-15-V6_109-PMID31536960-HSP90B1-020	reviewed_support_only_checkpoint_candidate	eligible_for_later_checkpoint_source_gene_integration	no	not_established_by_database_source_review	All cited paper routes were accounted for. Only inspectable exact primary-paper results can flow as checkpoint support; unavailable or unconfirmed routes remain context/recheck.	preserved
DBPRIORPAIR-v6_109-HSP90B1_VWF	DBADMIT-HSP90B1-VWF	T2_priority_review	HSP90B1::VWF	HSP90B1	VWF	10887119	1	0	1				retrieval_blocked	manual_retrieval_or_remain_database_context	yes	not_established_by_database_source_review	All cited paper routes were accounted for. Only inspectable exact primary-paper results can flow as checkpoint support; unavailable or unconfirmed routes remain context/recheck.	preserved
DBPRIORPAIR-v6_109-TRAP1_BRAF	DBADMIT-TRAP1-BRAF	T2_priority_review	TRAP1::BRAF	TRAP1	BRAF	26084290	1	1	0	26084290		SRCREV-2026-07-15-V6_109-PMID26084290-TRAP1-013	reviewed_candidate_client_checkpoint_candidate	eligible_for_later_checkpoint_source_gene_integration	no	candidate_client_from_primary_mechanistic_source_checkpoint_only	All cited paper routes were accounted for. Only inspectable exact primary-paper results can flow as checkpoint support; unavailable or unconfirmed routes remain context/recheck.	preserved
DBPRIORPAIR-v6_109-TRAP1_C1QBP	DBADMIT-TRAP1-C1QBP	T2_priority_review	TRAP1::C1QBP	TRAP1	C1QBP	22904065;34079125	2	1	1	22904065		SRCREV-2026-07-15-V6_109-PMID22904065-TRAP1-006	reviewed_support_only_checkpoint_candidate	eligible_for_later_checkpoint_source_gene_integration	no	not_established_by_database_source_review	All cited paper routes were accounted for. Only inspectable exact primary-paper results can flow as checkpoint support; unavailable or unconfirmed routes remain context/recheck.	preserved
DBPRIORPAIR-v6_109-TRAP1_CCNB1	DBADMIT-TRAP1-CCNB1	T2_priority_review	TRAP1::CCNB1	TRAP1	CCNB1	28678347	1	1	0	28678347		SRCREV-2026-07-15-V6_109-PMID28678347-TRAP1-016	reviewed_support_only_checkpoint_candidate	eligible_for_later_checkpoint_source_gene_integration	no	not_established_by_database_source_review	All cited paper routes were accounted for. Only inspectable exact primary-paper results can flow as checkpoint support; unavailable or unconfirmed routes remain context/recheck.	preserved
DBPRIORPAIR-v6_109-TRAP1_COX15	DBADMIT-TRAP1-COX15	T2_priority_review	TRAP1::COX15	TRAP1	COX15	29128334;34079125	2	1	1				source_recheck_needed	do_not_admit_pending_exact_result_confirmation	yes	not_established_by_database_source_review	All cited paper routes were accounted for. Only inspectable exact primary-paper results can flow as checkpoint support; unavailable or unconfirmed routes remain context/recheck.	preserved
DBPRIORPAIR-v6_109-TRAP1_CS	DBADMIT-TRAP1-CS	T2_priority_review	TRAP1::CS	TRAP1	CS	27173435;31536960;34079125	3	2	1	27173435;31536960		SRCREV-2026-07-15-V6_109-PMID27173435-TRAP1-015;SRCREV-2026-07-15-V6_109-PMID31536960-TRAP1-021	reviewed_support_only_checkpoint_candidate	eligible_for_later_checkpoint_source_gene_integration	no	not_established_by_database_source_review	All cited paper routes were accounted for. Only inspectable exact primary-paper results can flow as checkpoint support; unavailable or unconfirmed routes remain context/recheck.	preserved
DBPRIORPAIR-v6_109-TRAP1_DNAJC8	DBADMIT-TRAP1-DNAJC8	T2_priority_review	TRAP1::DNAJC8	TRAP1	DNAJC8	27173435;35831314	2	2	0	27173435;35831314		SRCREV-2026-07-15-V6_109-PMID27173435-TRAP1-014;SRCREV-2026-07-15-V6_109-PMID35831314-TRAP1-042	reviewed_support_only_checkpoint_candidate	eligible_for_later_checkpoint_source_gene_integration	no	not_established_by_database_source_review	All cited paper routes were accounted for. Only inspectable exact primary-paper results can flow as checkpoint support; unavailable or unconfirmed routes remain context/recheck.	preserved
DBPRIORPAIR-v6_109-TRAP1_EEF1A1	DBADMIT-TRAP1-EEF1A1	T2_priority_review	TRAP1::EEF1A1	TRAP1	EEF1A1	24113185	1	1	0	24113185		SRCREV-2026-07-15-V6_109-PMID24113185-TRAP1-010	reviewed_anchor_direct_checkpoint_candidate	eligible_for_later_checkpoint_source_gene_integration	no	not_established_by_database_source_review	All cited paper routes were accounted for. Only inspectable exact primary-paper results can flow as checkpoint support; unavailable or unconfirmed routes remain context/recheck.	preserved
DBPRIORPAIR-v6_109-TRAP1_EEF1G	DBADMIT-TRAP1-EEF1G	T2_priority_review	TRAP1::EEF1G	TRAP1	EEF1G	24113185	1	1	0	24113185		SRCREV-2026-07-15-V6_109-PMID24113185-TRAP1-008	reviewed_anchor_direct_checkpoint_candidate	eligible_for_later_checkpoint_source_gene_integration	no	not_established_by_database_source_review	All cited paper routes were accounted for. Only inspectable exact primary-paper results can flow as checkpoint support; unavailable or unconfirmed routes remain context/recheck.	preserved
DBPRIORPAIR-v6_109-TRAP1_EIF2AK4	DBADMIT-TRAP1-EIF2AK4	T2_priority_review	TRAP1::EIF2AK4	TRAP1	EIF2AK4	24113185	1	1	0	24113185		SRCREV-2026-07-15-V6_109-PMID24113185-TRAP1-011	reviewed_directional_checkpoint_candidate	eligible_for_later_checkpoint_source_gene_integration	no	not_established_by_database_source_review	All cited paper routes were accounted for. Only inspectable exact primary-paper results can flow as checkpoint support; unavailable or unconfirmed routes remain context/recheck.	preserved
DBPRIORPAIR-v6_109-TRAP1_EIF4A1	DBADMIT-TRAP1-EIF4A1	T2_priority_review	TRAP1::EIF4A1	TRAP1	EIF4A1	24113185	1	1	0	24113185		SRCREV-2026-07-15-V6_109-PMID24113185-TRAP1-009	reviewed_anchor_direct_checkpoint_candidate	eligible_for_later_checkpoint_source_gene_integration	no	not_established_by_database_source_review	All cited paper routes were accounted for. Only inspectable exact primary-paper results can flow as checkpoint support; unavailable or unconfirmed routes remain context/recheck.	preserved
DBPRIORPAIR-v6_109-TRAP1_ELAC2	DBADMIT-TRAP1-ELAC2	T2_priority_review	TRAP1::ELAC2	TRAP1	ELAC2	34079125;37071682	2	1	1	37071682		SRCREV-2026-07-15-V6_109-PMID37071682-TRAP1-047	reviewed_anchor_direct_checkpoint_candidate	eligible_for_later_checkpoint_source_gene_integration	no	not_established_by_database_source_review	All cited paper routes were accounted for. Only inspectable exact primary-paper results can flow as checkpoint support; unavailable or unconfirmed routes remain context/recheck.	preserved
DBPRIORPAIR-v6_109-TRAP1_EXT2	DBADMIT-TRAP1-EXT2	T2_priority_review	TRAP1::EXT2	TRAP1	EXT2	10545594	1	0	1				retrieval_blocked	manual_retrieval_or_remain_database_context	yes	not_established_by_database_source_review	All cited paper routes were accounted for. Only inspectable exact primary-paper results can flow as checkpoint support; unavailable or unconfirmed routes remain context/recheck.	preserved
DBPRIORPAIR-v6_109-TRAP1_HGS	DBADMIT-TRAP1-HGS	T2_priority_review	TRAP1::HGS	TRAP1	HGS	19019082	1	1	0				source_recheck_needed	do_not_admit_pending_exact_result_confirmation	yes	not_established_by_database_source_review	All cited paper routes were accounted for. Only inspectable exact primary-paper results can flow as checkpoint support; unavailable or unconfirmed routes remain context/recheck.	preserved
DBPRIORPAIR-v6_109-TRAP1_HSCB	DBADMIT-TRAP1-HSCB	T2_priority_review	TRAP1::HSCB	TRAP1	HSCB	28380382	1	1	0				source_recheck_needed	do_not_admit_pending_exact_result_confirmation	yes	not_established_by_database_source_review	All cited paper routes were accounted for. Only inspectable exact primary-paper results can flow as checkpoint support; unavailable or unconfirmed routes remain context/recheck.	preserved
DBPRIORPAIR-v6_109-TRAP1_MAD2L1	DBADMIT-TRAP1-MAD2L1	T2_priority_review	TRAP1::MAD2L1	TRAP1	MAD2L1	28678347	1	1	0		28678347		existing_isoform_matched_source_review_governs	no_duplicate_source_row	no	not_established_by_database_source_review	All cited paper routes were accounted for. Only inspectable exact primary-paper results can flow as checkpoint support; unavailable or unconfirmed routes remain context/recheck.	preserved
DBPRIORPAIR-v6_109-TRAP1_MYC	DBADMIT-TRAP1-MYC	T2_priority_review	TRAP1::MYC	TRAP1	MYC	21150319;36424410	2	1	1				source_recheck_needed	do_not_admit_pending_exact_result_confirmation	yes	not_established_by_database_source_review	All cited paper routes were accounted for. Only inspectable exact primary-paper results can flow as checkpoint support; unavailable or unconfirmed routes remain context/recheck.	preserved
DBPRIORPAIR-v6_109-TRAP1_PDHA1	DBADMIT-TRAP1-PDHA1	T2_priority_review	TRAP1::PDHA1	TRAP1	PDHA1	29128334;34079125	2	1	1				source_recheck_needed	do_not_admit_pending_exact_result_confirmation	yes	not_established_by_database_source_review	All cited paper routes were accounted for. Only inspectable exact primary-paper results can flow as checkpoint support; unavailable or unconfirmed routes remain context/recheck.	preserved
DBPRIORPAIR-v6_109-TRAP1_PFKM	DBADMIT-TRAP1-PFKM	T2_priority_review	TRAP1::PFKM	TRAP1	PFKM	33025742	1	1	0				source_recheck_needed	do_not_admit_pending_exact_result_confirmation	yes	not_established_by_database_source_review	All cited paper routes were accounted for. Only inspectable exact primary-paper results can flow as checkpoint support; unavailable or unconfirmed routes remain context/recheck.	preserved
DBPRIORPAIR-v6_109-TRAP1_PHOSPHO1	DBADMIT-TRAP1-PHOSPHO1	T2_priority_review	TRAP1::PHOSPHO1	TRAP1	PHOSPHO1	28330616	1	0	1				retrieval_blocked	manual_retrieval_or_remain_database_context	yes	not_established_by_database_source_review	All cited paper routes were accounted for. Only inspectable exact primary-paper results can flow as checkpoint support; unavailable or unconfirmed routes remain context/recheck.	preserved
DBPRIORPAIR-v6_109-TRAP1_PRKD1	DBADMIT-TRAP1-PRKD1	T2_priority_review	TRAP1::PRKD1	TRAP1	PRKD1	31980649	1	1	0	31980649		SRCREV-2026-07-15-V6_109-PMID31980649-TRAP1-025	reviewed_support_only_checkpoint_candidate	eligible_for_later_checkpoint_source_gene_integration	no	not_established_by_database_source_review	All cited paper routes were accounted for. Only inspectable exact primary-paper results can flow as checkpoint support; unavailable or unconfirmed routes remain context/recheck.	preserved
DBPRIORPAIR-v6_109-TRAP1_PSMC4	DBADMIT-TRAP1-PSMC4	T2_priority_review	TRAP1::PSMC4	TRAP1	PSMC4	21979464	1	1	0	21979464		SRCREV-2026-07-15-V6_109-PMID21979464-TRAP1-005	reviewed_anchor_direct_checkpoint_candidate	eligible_for_later_checkpoint_source_gene_integration	no	not_established_by_database_source_review	All cited paper routes were accounted for. Only inspectable exact primary-paper results can flow as checkpoint support; unavailable or unconfirmed routes remain context/recheck.	preserved
DBPRIORPAIR-v6_109-TRAP1_PTPMT1	DBADMIT-TRAP1-PTPMT1	T2_priority_review	TRAP1::PTPMT1	TRAP1	PTPMT1	27499296;34079125	2	1	1				source_recheck_needed	do_not_admit_pending_exact_result_confirmation	yes	not_established_by_database_source_review	All cited paper routes were accounted for. Only inspectable exact primary-paper results can flow as checkpoint support; unavailable or unconfirmed routes remain context/recheck.	preserved
DBPRIORPAIR-v6_109-TRAP1_RAF1	DBADMIT-TRAP1-RAF1	T2_priority_review	TRAP1::RAF1	TRAP1	RAF1	36244648;38496616	2	2	0	36244648;38496616		SRCREV-2026-07-15-V6_109-PMID36244648-TRAP1-045;SRCREV-2026-07-15-V6_109-PMID38496616-TRAP1-050	reviewed_support_only_checkpoint_candidate	eligible_for_later_checkpoint_source_gene_integration	no	not_established_by_database_source_review	All cited paper routes were accounted for. Only inspectable exact primary-paper results can flow as checkpoint support; unavailable or unconfirmed routes remain context/recheck.	preserved
DBPRIORPAIR-v6_109-TRAP1_RB1	DBADMIT-TRAP1-RB1	T2_priority_review	TRAP1::RB1	TRAP1	RB1	8756626	1	1	0	8756626		SRCREV-2026-07-15-V6_109-PMID8756626-TRAP1-054	reviewed_validated_client_checkpoint_candidate	eligible_for_later_checkpoint_source_gene_integration	no	validated_client_from_primary_mechanistic_source_checkpoint_only	All cited paper routes were accounted for. Only inspectable exact primary-paper results can flow as checkpoint support; unavailable or unconfirmed routes remain context/recheck.	preserved
DBPRIORPAIR-v6_109-TRAP1_SERBP1	DBADMIT-TRAP1-SERBP1	T2_priority_review	TRAP1::SERBP1	TRAP1	SERBP1	34349018;37223481	2	2	0				source_recheck_needed	do_not_admit_pending_exact_result_confirmation	yes	not_established_by_database_source_review	All cited paper routes were accounted for. Only inspectable exact primary-paper results can flow as checkpoint support; unavailable or unconfirmed routes remain context/recheck.	preserved
DBPRIORPAIR-v6_109-TRAP1_SOD1	DBADMIT-TRAP1-SOD1	T2_priority_review	TRAP1::SOD1	TRAP1	SOD1	26344197;29128334	2	2	0				source_recheck_needed	do_not_admit_pending_exact_result_confirmation	yes	not_established_by_database_source_review	All cited paper routes were accounted for. Only inspectable exact primary-paper results can flow as checkpoint support; unavailable or unconfirmed routes remain context/recheck.	preserved
DBPRIORPAIR-v6_109-TRAP1_TNFRSF10A	DBADMIT-TRAP1-TNFRSF10A	T2_priority_review	TRAP1::TNFRSF10A	TRAP1	TNFRSF10A	30833792	1	0	1				retrieval_blocked	manual_retrieval_or_remain_database_context	yes	not_established_by_database_source_review	All cited paper routes were accounted for. Only inspectable exact primary-paper results can flow as checkpoint support; unavailable or unconfirmed routes remain context/recheck.	preserved
DBPRIORPAIR-v6_109-TRAP1_TNFRSF1A	DBADMIT-TRAP1-TNFRSF1A	T2_priority_review	TRAP1::TNFRSF1A	TRAP1	TNFRSF1A	7876093	1	0	1				retrieval_blocked	manual_retrieval_or_remain_database_context	yes	not_established_by_database_source_review	All cited paper routes were accounted for. Only inspectable exact primary-paper results can flow as checkpoint support; unavailable or unconfirmed routes remain context/recheck.	preserved
DBPRIORPAIR-v6_109-TRAP1_TRAF3IP1	DBADMIT-TRAP1-TRAF3IP1	T2_priority_review	TRAP1::TRAF3IP1	TRAP1	TRAF3IP1	20391533	1	0	1				retrieval_blocked	manual_retrieval_or_remain_database_context	yes	not_established_by_database_source_review	All cited paper routes were accounted for. Only inspectable exact primary-paper results can flow as checkpoint support; unavailable or unconfirmed routes remain context/recheck.	preserved
DBPRIORPAIR-v6_109-TRAP1_UBC	DBADMIT-TRAP1-UBC	T2_priority_review	TRAP1::UBC	TRAP1	UBC	16196087;27182664	2	2	0				source_recheck_needed	do_not_admit_pending_exact_result_confirmation	yes	not_established_by_database_source_review	All cited paper routes were accounted for. Only inspectable exact primary-paper results can flow as checkpoint support; unavailable or unconfirmed routes remain context/recheck.	preserved
